,100_trees,200_trees,500_trees,1000_trees
0,3649.020000000001,3512.556833333333,3505.0245999999997,3492.604633333333
1,3539.730000000001,3310.9653333333326,3583.3788,3628.2776333333327
2,3399.007999999999,3354.422666666666,3443.3228000000004,3402.208033333334
