100_trees,200_trees,500_trees,1000_trees
3649.02,3512.556833,3505.0246,3492.604633
3539.73,3310.965333,3583.3788,3628.277633
3399.008,3354.422667,3443.3228,3402.208033
